<?xml version="1.0" encoding="UTF-8"?>
<!DOCTYPE suite SYSTEM "http://testng.org/testng-1.0.dtd">
<suite name="Suite">
  <test thread-count="5" name="Test">
    <classes>
      <class name="com.test.jqueryui.datepicker.TestDataPicker"/>
      <class name="com.test.jqueryui.widgets.autocomplete.TestAutoComplete"/>
      <class name="com.test.jqueryui.droppable.TestDragAndDrop_PhotoManager"/>
      <class name="com.test.jqueryui.draggable.TestDraggable_Sortable"/>
      <class name="com.test.jqueryui.widgets.accordion.TestAccordion"/>
      <class name="com.test.jqueryui.checkBoxRadio.TestCheckRadioButton"/>
      <class name="com.test.jqueryui.draggable.TestDraggable_Revert"/>
      <class name="com.jqueryui.controlGroup.TestControlGroup"/>
      <class name="com.jqueryui.MainTest.MainTest"/>
      <class name="com.test.jqueryui.resizable.TestResizable"/>
      <class name="com.test.jqueryui.button.TestButton"/>
      <class name="com.test.jqueryui.draggable.TestDraggable"/>
      <class name="com.test.jqueryui.selectable.TestSelectable"/>
      <class name="com.test.jqueryui.droppable.TestDragAndDrop_Default"/>
      <class name="com.test.jqueryui.sortable.TestSortable"/>
    </classes>
  </test> <!-- Test -->
</suite> <!-- Suite -->
