<?xml version="1.0" encoding="UTF-8"?>
<!DOCTYPE suite SYSTEM "http://testng.org/testng-1.0.dtd">
<suite name="Suite">
  <test name="Test1">
    <classes>
      <class name="dummytest.TestDummy"/>
      <class name="dummytest.MasterTestNG"/>
    </classes>
  </test> <!-- Test -->
  <test name="Test2">
    <classes>
      <class name="dummytest.TestDummy2"/>
      <class name="dummytest.MasterTestNG"/>
    </classes>
  </test> <!-- Test -->
  <test name="Test3">
    <classes>
      <class name="dummytest.TestDummy3"/>
      <class name="dummytest.MasterTestNG"/>
    </classes>
  </test> <!-- Test -->
</suite> <!-- Suite -->
